,mean_fit_time,std_fit_time,mean_score_time,std_score_time,param_subsample,param_reg_lambda,param_reg_alpha,param_n_estimators,param_max_depth,param_learning_rate,param_gamma,param_colsample_bytree,params,split0_test_score,split1_test_score,split2_test_score,split3_test_score,split4_test_score,mean_test_score,std_test_score,rank_test_score
0,0.1819310665130615,0.008386005179199777,0.012995433807373048,0.00069077046481272,1,0.25,0.5,10,3,0.05,1,0.7,"{'subsample': 1, 'reg_lambda': 0.25, 'reg_alpha': 0.5, 'n_estimators': 10, 'max_depth': 3, 'learning_rate': 0.05, 'gamma': 1, 'colsample_bytree': 0.7}",1.0,1.0,1.0,1.0,1.0,1.0,0.0,1
72,0.4275353908538818,0.04539904671792665,0.012401199340820313,0.0004891263597805103,0.7,0.5,1,10,9,0.01,0.5,0.7,"{'subsample': 0.7, 'reg_lambda': 0.5, 'reg_alpha': 1, 'n_estimators': 10, 'max_depth': 9, 'learning_rate': 0.01, 'gamma': 0.5, 'colsample_bytree': 0.7}",1.0,1.0,1.0,1.0,1.0,1.0,0.0,1
36,0.6308517456054688,0.003927334535252316,0.013201570510864258,0.0007491950286225162,0.7,0.25,0,10,15,0.05,1,0.6,"{'subsample': 0.7, 'reg_lambda': 0.25, 'reg_alpha': 0, 'n_estimators': 10, 'max_depth': 15, 'learning_rate': 0.05, 'gamma': 1, 'colsample_bytree': 0.6}",1.0,1.0,1.0,1.0,1.0,1.0,0.0,1
49,1.0171237468719483,0.009317661969587403,0.01420297622680664,0.0011671366982280902,0.5,0.25,1,50,7,0.01,1,0.5,"{'subsample': 0.5, 'reg_lambda': 0.25, 'reg_alpha': 1, 'n_estimators': 50, 'max_depth': 7, 'learning_rate': 0.01, 'gamma': 1, 'colsample_bytree': 0.5}",1.0,1.0,1.0,1.0,1.0,1.0,0.0,1
27,0.6160884857177734,0.030810101237984104,0.012601709365844727,0.0004901553766147324,0.5,0,0,10,11,0.01,0,0.9,"{'subsample': 0.5, 'reg_lambda': 0, 'reg_alpha': 0, 'n_estimators': 10, 'max_depth': 11, 'learning_rate': 0.01, 'gamma': 0, 'colsample_bytree': 0.9}",1.0,1.0,1.0,1.0,1.0,1.0,0.0,1
65,0.5474611282348633,0.008151565093957229,0.012601184844970702,0.0012000590838697276,0.8,0,0,10,11,0.05,0,0.8,"{'subsample': 0.8, 'reg_lambda': 0, 'reg_alpha': 0, 'n_estimators': 10, 'max_depth': 11, 'learning_rate': 0.05, 'gamma': 0, 'colsample_bytree': 0.8}",1.0,1.0,1.0,1.0,1.0,1.0,0.0,1
43,3.308178424835205,0.039828361452793705,0.021816110610961913,0.0009291620600979525,1,0.5,0.5,50,13,0.01,0.5,0.9,"{'subsample': 1, 'reg_lambda': 0.5, 'reg_alpha': 0.5, 'n_estimators': 50, 'max_depth': 13, 'learning_rate': 0.01, 'gamma': 0.5, 'colsample_bytree': 0.9}",1.0,1.0,1.0,1.0,1.0,1.0,0.0,1
73,0.5905345439910888,0.004183327418065118,0.013402938842773438,0.0004902713423778701,0.7,0.25,0.25,10,13,0.1,0.25,0.7,"{'subsample': 0.7, 'reg_lambda': 0.25, 'reg_alpha': 0.25, 'n_estimators': 10, 'max_depth': 13, 'learning_rate': 0.1, 'gamma': 0.25, 'colsample_bytree': 0.7}",0.8478260869565217,0.8389694041867954,0.8518518518518519,0.8348106365834005,0.8494363929146538,0.8445788744986447,0.006540958685652374,8
85,0.264540958404541,0.028342163395142995,0.01100153923034668,0.0006324100049280169,0.6,0.5,1,10,7,0.1,0,0.5,"{'subsample': 0.6, 'reg_lambda': 0.5, 'reg_alpha': 1, 'n_estimators': 10, 'max_depth': 7, 'learning_rate': 0.1, 'gamma': 0, 'colsample_bytree': 0.5}",0.8309178743961353,0.8172302737520128,0.8260869565217391,0.8331990330378727,0.8446054750402576,0.8304079225496034,0.008965958070557624,9
70,7.034568786621094,0.07765347421246618,0.036007356643676755,0.0006337671783549157,0.5,0.25,1,100,15,0.01,0.5,0.9,"{'subsample': 0.5, 'reg_lambda': 0.25, 'reg_alpha': 1, 'n_estimators': 100, 'max_depth': 15, 'learning_rate': 0.01, 'gamma': 0.5, 'colsample_bytree': 0.9}",0.8172302737520128,0.8067632850241546,0.822061191626409,0.8267526188557615,0.8252818035426731,0.8196178345602021,0.007209654301269058,10
67,6.832419776916504,0.08448012504632994,0.03220620155334473,0.0018352181602294259,0.5,0.25,0.25,100,13,0.01,0.25,1,"{'subsample': 0.5, 'reg_lambda': 0.25, 'reg_alpha': 0.25, 'n_estimators': 100, 'max_depth': 13, 'learning_rate': 0.01, 'gamma': 0.25, 'colsample_bytree': 1}",0.8019323671497585,0.7954911433172303,0.8099838969404187,0.8235294117647058,0.8132045088566827,0.8088282656057592,0.009612938506141202,11
5,35.655423927307126,0.5459430691415215,0.24168014526367188,0.00448676100606716,0.7,0.5,0.5,1000,13,0.01,0.5,0.5,"{'subsample': 0.7, 'reg_lambda': 0.5, 'reg_alpha': 0.5, 'n_estimators': 1000, 'max_depth': 13, 'learning_rate': 0.01, 'gamma': 0.5, 'colsample_bytree': 0.5}",0.7946859903381642,0.7962962962962963,0.8019323671497585,0.8017727639000806,0.8051529790660226,0.7999680793500644,0.0038828070534913874,12
4,3.6326358318328857,0.03350702423803572,0.020603227615356445,0.0018555565863448299,0.8,1,0.5,200,5,0.2,0.5,0.8,"{'subsample': 0.8, 'reg_lambda': 1, 'reg_alpha': 0.5, 'n_estimators': 200, 'max_depth': 5, 'learning_rate': 0.2, 'gamma': 0.5, 'colsample_bytree': 0.8}",0.7962962962962963,0.7866344605475041,0.7938808373590982,0.8017727639000806,0.8059581320450886,0.7969084980296135,0.006643106570791795,13
53,43.10410304069519,0.22536591903916492,0.20586562156677246,0.005152034277150052,0.5,0.25,0.25,1000,11,0.01,0.5,0.8,"{'subsample': 0.5, 'reg_lambda': 0.25, 'reg_alpha': 0.25, 'n_estimators': 1000, 'max_depth': 11, 'learning_rate': 0.01, 'gamma': 0.5, 'colsample_bytree': 0.8}",0.7938808373590982,0.7866344605475041,0.7954911433172303,0.7961321514907332,0.8075684380032206,0.7959414061435572,0.006727438893208164,14
34,32.83171668052673,2.03771758312791,0.20841422080993652,0.01184763227635611,1,0.5,0.5,1000,13,0.01,0,0.6,"{'subsample': 1, 'reg_lambda': 0.5, 'reg_alpha': 0.5, 'n_estimators': 1000, 'max_depth': 13, 'learning_rate': 0.01, 'gamma': 0, 'colsample_bytree': 0.6}",0.7914653784219001,0.7866344605475041,0.7898550724637681,0.7993553585817889,0.8075684380032206,0.7949757416036364,0.007561453818578868,15
98,29.74200177192688,0.1459469298893222,0.0988419532775879,0.0026484410285591035,0.6,0.5,0.5,1000,7,0.01,0.5,0.9,"{'subsample': 0.6, 'reg_lambda': 0.5, 'reg_alpha': 0.5, 'n_estimators': 1000, 'max_depth': 7, 'learning_rate': 0.01, 'gamma': 0.5, 'colsample_bytree': 0.9}",0.784219001610306,0.78341384863124,0.7987117552334944,0.8025785656728445,0.7995169082125604,0.7936880158720891,0.008166719811902912,16
9,31.615987873077394,0.42566374165276805,0.10292391777038574,0.004693376453931262,0.5,0.25,1,1000,7,0.01,0.25,0.9,"{'subsample': 0.5, 'reg_lambda': 0.25, 'reg_alpha': 1, 'n_estimators': 1000, 'max_depth': 7, 'learning_rate': 0.01, 'gamma': 0.25, 'colsample_bytree': 0.9}",0.7874396135265701,0.78341384863124,0.7922705314009661,0.7961321514907332,0.7979066022544283,0.7914325494607877,0.005384142139939011,17
96,4.369008922576905,0.09950694668530473,0.027623081207275392,0.0013738579341506577,0.7,0.5,0.25,100,11,0.05,1,0.7,"{'subsample': 0.7, 'reg_lambda': 0.5, 'reg_alpha': 0.25, 'n_estimators': 100, 'max_depth': 11, 'learning_rate': 0.05, 'gamma': 1, 'colsample_bytree': 0.7}",0.7761674718196457,0.7914653784219001,0.785024154589372,0.7969379532634971,0.7995169082125604,0.789822373261395,0.008447416036298503,18
57,4.2208646774292,0.10248801413528166,0.026805639266967773,0.0011665076754985599,0.5,0,0.25,100,11,0.05,1,0.7,"{'subsample': 0.5, 'reg_lambda': 0, 'reg_alpha': 0.25, 'n_estimators': 100, 'max_depth': 11, 'learning_rate': 0.05, 'gamma': 1, 'colsample_bytree': 0.7}",0.7793880837359098,0.78341384863124,0.785024154589372,0.7945205479452054,0.8051529790660226,0.78949992279355,0.009268731697885241,19
86,5.398165845870972,0.05762721762728303,0.028012895584106447,0.0006216217087324495,0.8,1,1,100,11,0.05,0,0.9,"{'subsample': 0.8, 'reg_lambda': 1, 'reg_alpha': 1, 'n_estimators': 100, 'max_depth': 11, 'learning_rate': 0.05, 'gamma': 0, 'colsample_bytree': 0.9}",0.78341384863124,0.784219001610306,0.784219001610306,0.7945205479452054,0.8011272141706924,0.78949992279355,0.007116419569963735,19
24,20.48832812309265,0.22416306036670264,0.08712253570556641,0.0026208946966944555,0.8,0,0.5,500,9,0.01,1,0.9,"{'subsample': 0.8, 'reg_lambda': 0, 'reg_alpha': 0.5, 'n_estimators': 500, 'max_depth': 9, 'learning_rate': 0.01, 'gamma': 1, 'colsample_bytree': 0.9}",0.7745571658615137,0.7745571658615137,0.7809983896940419,0.790491539081386,0.8027375201288245,0.7846683561254559,0.010754953632943766,21
80,2.630221366882324,0.03076617296372182,0.021003580093383788,1.1344315770502394e-06,0.6,0.25,1,50,13,0.1,0,0.7,"{'subsample': 0.6, 'reg_lambda': 0.25, 'reg_alpha': 1, 'n_estimators': 50, 'max_depth': 13, 'learning_rate': 0.1, 'gamma': 0, 'colsample_bytree': 0.7}",0.7866344605475041,0.7777777777777778,0.7801932367149759,0.7896857373086221,0.784219001610306,0.7837020427918372,0.004291376385864385,22
59,12.257940673828125,0.07136887667874561,0.07401494979858399,0.0006336185603399055,0.6,0.25,0,500,9,0.05,0.5,0.5,"{'subsample': 0.6, 'reg_lambda': 0.25, 'reg_alpha': 0, 'n_estimators': 500, 'max_depth': 9, 'learning_rate': 0.05, 'gamma': 0.5, 'colsample_bytree': 0.5}",0.7777777777777778,0.7809983896940419,0.7721417069243156,0.7912973408541499,0.789049919484702,0.7822530269469975,0.007097015211825434,23
75,15.409652042388917,2.5267304293247808,0.08465070724487304,0.017522132889860882,1,0.25,1,1000,11,0.05,0.5,0.6,"{'subsample': 1, 'reg_lambda': 0.25, 'reg_alpha': 1, 'n_estimators': 1000, 'max_depth': 11, 'learning_rate': 0.05, 'gamma': 0.5, 'colsample_bytree': 0.6}",0.7914653784219001,0.7769726247987118,0.7713365539452496,0.7792103142626914,0.789049919484702,0.7816069581826509,0.007553651749315323,24
32,24.238978576660156,3.591477495800956,0.1072244644165039,0.013923121351852264,0.9,0,1,1000,9,0.05,0.25,0.8,"{'subsample': 0.9, 'reg_lambda': 0, 'reg_alpha': 1, 'n_estimators': 1000, 'max_depth': 9, 'learning_rate': 0.05, 'gamma': 0.25, 'colsample_bytree': 0.8}",0.782608695652174,0.7673107890499195,0.7753623188405797,0.7896857373086221,0.7922705314009661,0.7814476144504523,0.009200336560862292,25
88,18.65078434944153,0.1333865951129757,0.07441644668579102,0.001499511399745752,0.7,0.5,0,500,9,0.05,0.25,0.9,"{'subsample': 0.7, 'reg_lambda': 0.5, 'reg_alpha': 0, 'n_estimators': 500, 'max_depth': 9, 'learning_rate': 0.05, 'gamma': 0.25, 'colsample_bytree': 0.9}",0.7665056360708534,0.7713365539452496,0.7801932367149759,0.7840451248992748,0.788244766505636,0.778065063627198,0.008035045888768352,26
40,8.967968559265136,0.13318362591582988,0.050810050964355466,0.0007471688225245041,0.7,0.25,0.25,200,13,0.05,0.5,0.7,"{'subsample': 0.7, 'reg_lambda': 0.25, 'reg_alpha': 0.25, 'n_estimators': 200, 'max_depth': 13, 'learning_rate': 0.05, 'gamma': 0.5, 'colsample_bytree': 0.7}",0.7729468599033816,0.7648953301127214,0.7705314009661836,0.7800161160354553,0.7914653784219001,0.7759710170879284,0.009141595603006336,27
39,3.2353806018829347,0.045380872433020435,0.021915149688720704,0.0006639440317752317,0.9,0.25,0.5,50,13,0.05,1,0.9,"{'subsample': 0.9, 'reg_lambda': 0.25, 'reg_alpha': 0.5, 'n_estimators': 50, 'max_depth': 13, 'learning_rate': 0.05, 'gamma': 1, 'colsample_bytree': 0.9}",0.7592592592592593,0.7697262479871175,0.7705314009661836,0.7848509266720387,0.7898550724637681,0.7748445814696734,0.011073797147225164,28
79,16.890858697891236,0.26899723981541307,0.057170677185058597,0.0011037547102371043,1,1,1,1000,5,0.2,1,0.9,"{'subsample': 1, 'reg_lambda': 1, 'reg_alpha': 1, 'n_estimators': 1000, 'max_depth': 5, 'learning_rate': 0.2, 'gamma': 1, 'colsample_bytree': 0.9}",0.7769726247987118,0.7584541062801933,0.7713365539452496,0.7800161160354553,0.7874396135265701,0.774843802917236,0.009704247541236326,29
94,5.6287150382995605,0.04018307777150924,0.029805517196655272,0.0007497563822158539,0.8,1,0.25,100,13,0.1,0,0.9,"{'subsample': 0.8, 'reg_lambda': 1, 'reg_alpha': 0.25, 'n_estimators': 100, 'max_depth': 13, 'learning_rate': 0.1, 'gamma': 0, 'colsample_bytree': 0.9}",0.7801932367149759,0.7592592592592593,0.7632850241545893,0.7792103142626914,0.7737520128824477,0.7711399694547927,0.008447086180335506,30
31,1.715107250213623,0.013440294318566307,0.016003131866455078,0.0016746535727531367,0.6,0.5,0.25,100,5,0.01,0,0.7,"{'subsample': 0.6, 'reg_lambda': 0.5, 'reg_alpha': 0.25, 'n_estimators': 100, 'max_depth': 5, 'learning_rate': 0.01, 'gamma': 0, 'colsample_bytree': 0.7}",0.7673107890499195,0.7657004830917874,0.7592592592592593,0.7759871071716358,0.7785829307568438,0.7693681138658891,0.007051197984269999,31
92,9.232858324050904,0.26842310835978705,0.04300699234008789,0.0017908060953140087,0.9,1,0,200,13,0.1,0,0.9,"{'subsample': 0.9, 'reg_lambda': 1, 'reg_alpha': 0, 'n_estimators': 200, 'max_depth': 13, 'learning_rate': 0.1, 'gamma': 0, 'colsample_bytree': 0.9}",0.7624798711755234,0.7528180354267311,0.7745571658615137,0.7775987107171636,0.7753623188405797,0.7685632204043022,0.009473259150907293,32
19,14.896821308135987,0.19019620754398725,0.07301526069641114,0.0008944160222900022,0.7,1,1,500,9,0.1,0.5,0.7,"{'subsample': 0.7, 'reg_lambda': 1, 'reg_alpha': 1, 'n_estimators': 500, 'max_depth': 9, 'learning_rate': 0.1, 'gamma': 0.5, 'colsample_bytree': 0.7}",0.7657004830917874,0.7568438003220612,0.7729468599033816,0.7735697018533441,0.7729468599033816,0.7684015410147912,0.006463850522326663,33
6,10.788820552825928,0.09658988858240589,0.03311004638671875,0.00229455065942948,0.7,0.5,0.25,1000,3,0.5,0,0.8,"{'subsample': 0.7, 'reg_lambda': 0.5, 'reg_alpha': 0.25, 'n_estimators': 1000, 'max_depth': 3, 'learning_rate': 0.5, 'gamma': 0, 'colsample_bytree': 0.8}",0.7689210950080515,0.7544283413848631,0.7761674718196457,0.7630942788074134,0.7737520128824477,0.7672726399804842,0.007826268831744417,34
26,26.8559672832489,0.6785104447698957,0.15674352645874023,0.0015996463544627078,0.5,1,0,1000,13,0.05,0.25,0.6,"{'subsample': 0.5, 'reg_lambda': 1, 'reg_alpha': 0, 'n_estimators': 1000, 'max_depth': 13, 'learning_rate': 0.05, 'gamma': 0.25, 'colsample_bytree': 0.6}",0.7560386473429952,0.7568438003220612,0.7737520128824477,0.7647058823529411,0.7785829307568438,0.7659846547314577,0.008979554026328473,35
97,5.065044593811035,0.03188965453539636,0.029906034469604492,0.0004910043411640022,0.8,0,0.5,100,13,0.1,0,0.8,"{'subsample': 0.8, 'reg_lambda': 0, 'reg_alpha': 0.5, 'n_estimators': 100, 'max_depth': 13, 'learning_rate': 0.1, 'gamma': 0, 'colsample_bytree': 0.8}",0.7568438003220612,0.7600644122383253,0.7552334943639292,0.7792103142626914,0.7705314009661836,0.7643766844306381,0.009130772899126413,36
91,15.33236904144287,0.3061937720574071,0.09042019844055176,0.0010194313013712844,0.7,0.25,0,500,11,0.05,0.5,0.6,"{'subsample': 0.7, 'reg_lambda': 0.25, 'reg_alpha': 0, 'n_estimators': 500, 'max_depth': 11, 'learning_rate': 0.05, 'gamma': 0.5, 'colsample_bytree': 0.6}",0.7544283413848631,0.7705314009661836,0.750402576489533,0.7719580983078163,0.7745571658615137,0.764375516601982,0.009932228244068348,37
64,20.787096786499024,0.4219733562497384,0.10169639587402343,0.0010389480783163107,1,0.25,0.5,1000,7,0.1,0,0.7,"{'subsample': 1, 'reg_lambda': 0.25, 'reg_alpha': 0.5, 'n_estimators': 1000, 'max_depth': 7, 'learning_rate': 0.1, 'gamma': 0, 'colsample_bytree': 0.7}",0.7568438003220612,0.7729468599033816,0.750402576489533,0.7630942788074134,0.7745571658615137,0.7635689362767806,0.009246539074952325,38
87,22.51636986732483,3.327602287990536,0.07141547203063965,0.009771027316838652,1,0,0.25,1000,9,0.1,0,1,"{'subsample': 1, 'reg_lambda': 0, 'reg_alpha': 0.25, 'n_estimators': 1000, 'max_depth': 9, 'learning_rate': 0.1, 'gamma': 0, 'colsample_bytree': 1}",0.7536231884057971,0.749597423510467,0.7689210950080515,0.7647058823529411,0.7689210950080515,0.7611537368570616,0.00804411562643052,39
47,0.6184807777404785,0.008122464625115665,0.013400745391845704,0.0010219573418388337,0.5,0.25,1,10,15,0.2,0,0.7,"{'subsample': 0.5, 'reg_lambda': 0.25, 'reg_alpha': 1, 'n_estimators': 10, 'max_depth': 15, 'learning_rate': 0.2, 'gamma': 0, 'colsample_bytree': 0.7}",0.7568438003220612,0.7544283413848631,0.7600644122383253,0.7598710717163578,0.7721417069243156,0.7606698665171845,0.006102510775921119,40
83,1.2438330173492431,0.016396613260562905,0.013202524185180664,0.000980085863528349,0.8,1,0.25,50,7,0.5,0.25,0.7,"{'subsample': 0.8, 'reg_lambda': 1, 'reg_alpha': 0.25, 'n_estimators': 50, 'max_depth': 7, 'learning_rate': 0.5, 'gamma': 0.25, 'colsample_bytree': 0.7}",0.7560386473429952,0.7657004830917874,0.7471819645732689,0.7679290894439967,0.7657004830917874,0.7605101335087672,0.007830129506728041,41
29,28.436492252349854,0.19852932661911618,0.13653130531311036,0.002051487508842343,0.8,0.25,1,1000,13,0.1,0.5,0.7,"{'subsample': 0.8, 'reg_lambda': 0.25, 'reg_alpha': 1, 'n_estimators': 1000, 'max_depth': 13, 'learning_rate': 0.1, 'gamma': 0.5, 'colsample_bytree': 0.7}",0.7560386473429952,0.7375201288244766,0.7592592592592593,0.7639000805801772,0.7745571658615137,0.7582550563736844,0.01211183871212524,42
15,17.144028186798096,2.520878171420941,0.07065029144287109,0.010576390384349106,1,0.25,1,1000,7,0.2,0,0.8,"{'subsample': 1, 'reg_lambda': 0.25, 'reg_alpha': 1, 'n_estimators': 1000, 'max_depth': 7, 'learning_rate': 0.2, 'gamma': 0, 'colsample_bytree': 0.8}",0.7463768115942029,0.7576489533011272,0.7592592592592593,0.7566478646253022,0.7624798711755234,0.7564825519910829,0.005425711933109611,43
7,21.435869693756104,0.11053920996720387,0.05941333770751953,0.0013572818596441474,0.7,0.25,0.5,1000,5,0.2,0,1,"{'subsample': 0.7, 'reg_lambda': 0.25, 'reg_alpha': 0.5, 'n_estimators': 1000, 'max_depth': 5, 'learning_rate': 0.2, 'gamma': 0, 'colsample_bytree': 1}",0.7479871175523349,0.7528180354267311,0.748792270531401,0.7647058823529411,0.7632850241545893,0.7555176660035995,0.00712717730681553,44
33,5.000567770004272,0.4816279283287934,0.022605133056640626,0.0023341092410526457,1,0.5,0,500,3,1,0.5,0.8,"{'subsample': 1, 'reg_lambda': 0.5, 'reg_alpha': 0, 'n_estimators': 500, 'max_depth': 3, 'learning_rate': 1, 'gamma': 0.5, 'colsample_bytree': 0.8}",0.7624798711755234,0.7423510466988728,0.750402576489533,0.7630942788074134,0.7576489533011272,0.755195345294494,0.00786669307186201,45
21,0.5593025207519531,0.009343449509194518,0.011600828170776368,0.0004893770857201391,1,0.25,0.25,10,11,0.2,0.25,0.9,"{'subsample': 1, 'reg_lambda': 0.25, 'reg_alpha': 0.25, 'n_estimators': 10, 'max_depth': 11, 'learning_rate': 0.2, 'gamma': 0.25, 'colsample_bytree': 0.9}",0.7383252818035426,0.7632850241545893,0.7439613526570048,0.7671232876712328,0.7616747181964574,0.7548739328965655,0.011489004219036161,46
84,1.333284044265747,0.016874315985127182,0.014803075790405273,0.0003991844939877072,1,0.5,0.25,50,7,0.05,1,0.8,"{'subsample': 1, 'reg_lambda': 0.5, 'reg_alpha': 0.25, 'n_estimators': 50, 'max_depth': 7, 'learning_rate': 0.05, 'gamma': 1, 'colsample_bytree': 0.8}",0.751207729468599,0.749597423510467,0.7520128824476651,0.7542304593070105,0.7624798711755234,0.753905673181853,0.004539712095189922,47
22,5.792696285247803,0.07779295143427496,0.034077692031860354,0.000647149987395353,0.5,0,1,200,9,0.2,0,0.6,"{'subsample': 0.5, 'reg_lambda': 0, 'reg_alpha': 1, 'n_estimators': 200, 'max_depth': 9, 'learning_rate': 0.2, 'gamma': 0, 'colsample_bytree': 0.6}",0.7576489533011272,0.7447665056360708,0.749597423510467,0.7598710717163578,0.7560386473429952,0.7535845203014035,0.005580634503292567,48
60,3.3051719665527344,0.05297078663919507,0.019008827209472657,8.475637971240558e-06,0.5,0,0.5,200,5,0.5,0,0.7,"{'subsample': 0.5, 'reg_lambda': 0, 'reg_alpha': 0.5, 'n_estimators': 200, 'max_depth': 5, 'learning_rate': 0.5, 'gamma': 0, 'colsample_bytree': 0.7}",0.7648953301127214,0.7415458937198067,0.7407407407407407,0.7590652699435939,0.7608695652173914,0.7534233599468507,0.010205941943111039,49
74,4.351968622207641,0.026596019381778104,0.02180490493774414,0.000747909355829945,0.8,1,0.5,500,3,1,0.5,0.6,"{'subsample': 0.8, 'reg_lambda': 1, 'reg_alpha': 0.5, 'n_estimators': 500, 'max_depth': 3, 'learning_rate': 1, 'gamma': 0.5, 'colsample_bytree': 0.6}",0.750402576489533,0.750402576489533,0.7439613526570048,0.7526188557614827,0.7657004830917874,0.7526171688978682,0.00715409123520273,50
1,0.8948737144470215,0.10362499820737893,0.013688135147094726,0.0010568466002119643,0.9,1,1,100,3,0.5,0.25,0.5,"{'subsample': 0.9, 'reg_lambda': 1, 'reg_alpha': 1, 'n_estimators': 100, 'max_depth': 3, 'learning_rate': 0.5, 'gamma': 0.25, 'colsample_bytree': 0.5}",0.7375201288244766,0.7399355877616747,0.7431561996779388,0.7614826752618856,0.7560386473429952,0.7476266477737943,0.009423696409198039,51
54,1.1726629257202148,0.0033699711537152105,0.014602279663085938,0.000490350654732326,1,0,0,50,7,0.05,0.25,0.7,"{'subsample': 1, 'reg_lambda': 0, 'reg_alpha': 0, 'n_estimators': 50, 'max_depth': 7, 'learning_rate': 0.05, 'gamma': 0.25, 'colsample_bytree': 0.7}",0.7415458937198067,0.7423510466988728,0.7455716586151369,0.7437550362610797,0.7600644122383253,0.7466576095066442,0.00684138438875537,52
82,20.707049560546874,0.22848789953747886,0.058213090896606444,0.0014700873316465981,0.7,0,0,1000,5,0.01,0,1,"{'subsample': 0.7, 'reg_lambda': 0, 'reg_alpha': 0, 'n_estimators': 1000, 'max_depth': 5, 'learning_rate': 0.01, 'gamma': 0, 'colsample_bytree': 1}",0.7423510466988728,0.7431561996779388,0.7375201288244766,0.7493956486704271,0.7584541062801933,0.7461754260303817,0.007208211945963866,53
13,9.139721298217774,0.05891016989331545,0.03360743522644043,0.0008002281473100913,0.7,0,0.5,500,5,0.01,0.25,0.8,"{'subsample': 0.7, 'reg_lambda': 0, 'reg_alpha': 0.5, 'n_estimators': 500, 'max_depth': 5, 'learning_rate': 0.01, 'gamma': 0.25, 'colsample_bytree': 0.8}",0.7375201288244766,0.7431561996779388,0.7375201288244766,0.7493956486704271,0.7536231884057971,0.7442430588806233,0.00642048053430846,54
45,1.9063568115234375,0.02128285837106519,0.01520233154296875,0.0011679295992931512,0.9,0.5,1,100,5,0.05,1,0.9,"{'subsample': 0.9, 'reg_lambda': 0.5, 'reg_alpha': 1, 'n_estimators': 100, 'max_depth': 5, 'learning_rate': 0.05, 'gamma': 1, 'colsample_bytree': 0.9}",0.7407407407407407,0.7447665056360708,0.7375201288244766,0.7461724415793715,0.7520128824476651,0.7442425398456649,0.004936206882066025,55
76,18.06221137046814,0.2564014782166644,0.07703485488891601,0.001097854443661053,0.7,0.5,0.5,500,11,0.2,1,0.9,"{'subsample': 0.7, 'reg_lambda': 0.5, 'reg_alpha': 0.5, 'n_estimators': 500, 'max_depth': 11, 'learning_rate': 0.2, 'gamma': 1, 'colsample_bytree': 0.9}",0.7399355877616747,0.7359098228663447,0.7318840579710145,0.7622884770346495,0.7391304347826086,0.7418296760832584,0.010615045852770804,56
69,9.848758935928345,0.06641878665707163,0.033408069610595705,0.0004916177364814875,0.7,1,0.25,1000,3,1,0,0.7,"{'subsample': 0.7, 'reg_lambda': 1, 'reg_alpha': 0.25, 'n_estimators': 1000, 'max_depth': 3, 'learning_rate': 1, 'gamma': 0, 'colsample_bytree': 0.7}",0.7439613526570048,0.7455716586151369,0.7391304347826086,0.7356970185334408,0.7431561996779388,0.741503332853226,0.0035963602665671397,57
10,0.7393955230712891,0.015959944932858447,0.01300191879272461,0.0006323353358390592,0.6,0.5,0.5,50,5,0.2,0.5,0.5,"{'subsample': 0.6, 'reg_lambda': 0.5, 'reg_alpha': 0.5, 'n_estimators': 50, 'max_depth': 5, 'learning_rate': 0.2, 'gamma': 0.5, 'colsample_bytree': 0.5}",0.7326892109500805,0.7439613526570048,0.7351046698872786,0.7445608380338437,0.7439613526570048,0.7400554848370424,0.005090822603990508,58
3,1.6746198177337646,0.010306230645338687,0.014402341842651368,0.0008001568686041326,0.6,1,0,50,7,0.5,0.25,1,"{'subsample': 0.6, 'reg_lambda': 1, 'reg_alpha': 0, 'n_estimators': 50, 'max_depth': 7, 'learning_rate': 0.5, 'gamma': 0.25, 'colsample_bytree': 1}",0.7093397745571659,0.7198067632850241,0.7439613526570048,0.7719580983078163,0.748792270531401,0.7387716518676826,0.022156662298208046,59
30,1.18994140625,0.052474146056565245,0.013203763961791992,0.00039999957885352723,0.8,0,0.25,100,3,0.05,1,0.9,"{'subsample': 0.8, 'reg_lambda': 0, 'reg_alpha': 0.25, 'n_estimators': 100, 'max_depth': 3, 'learning_rate': 0.05, 'gamma': 1, 'colsample_bytree': 0.9}",0.7334943639291466,0.7286634460547504,0.7302737520128825,0.7356970185334408,0.748792270531401,0.7353841702123243,0.007137659327843694,60
37,1.6798294067382813,0.014466191705565191,0.015203619003295898,0.00040011444303175725,0.6,0.25,0,200,3,2,0,0.5,"{'subsample': 0.6, 'reg_lambda': 0.25, 'reg_alpha': 0, 'n_estimators': 200, 'max_depth': 3, 'learning_rate': 2, 'gamma': 0, 'colsample_bytree': 0.5}",0.7270531400966184,0.7246376811594203,0.7431561996779388,0.7437550362610797,0.7310789049919485,0.7339361924374012,0.008042649322306571,61
28,1.3154998779296876,0.1015840951888614,0.014602375030517579,0.0004900405248243707,0.9,0.25,1,50,7,1,1,0.7,"{'subsample': 0.9, 'reg_lambda': 0.25, 'reg_alpha': 1, 'n_estimators': 50, 'max_depth': 7, 'learning_rate': 1, 'gamma': 1, 'colsample_bytree': 0.7}",0.7334943639291466,0.7375201288244766,0.7270531400966184,0.741337630942788,0.7254428341384863,0.7329696195863031,0.00604422590153009,62
50,17.314671802520753,0.1528599741785461,0.08041901588439941,0.0010200421691260644,0.7,0.25,0.5,500,15,0.2,1,0.8,"{'subsample': 0.7, 'reg_lambda': 0.25, 'reg_alpha': 0.5, 'n_estimators': 500, 'max_depth': 15, 'learning_rate': 0.2, 'gamma': 1, 'colsample_bytree': 0.8}",0.7375201288244766,0.7198067632850241,0.7246376811594203,0.734085414987913,0.7407407407407407,0.7313581457995149,0.007899875984240043,63
55,26.13250365257263,0.12790817116955355,0.1270292282104492,0.0012648572733358425,0.6,0.5,0.5,1000,11,1,1,0.7,"{'subsample': 0.6, 'reg_lambda': 0.5, 'reg_alpha': 0.5, 'n_estimators': 1000, 'max_depth': 11, 'learning_rate': 1, 'gamma': 1, 'colsample_bytree': 0.7}",0.7222222222222222,0.7246376811594203,0.7334943639291466,0.7453666398066076,0.7278582930756844,0.7307158400386162,0.008241568569988336,64
81,11.982650899887085,0.5286339412840891,0.0414090633392334,0.0018553554744341503,1,0.25,0,500,7,0.5,0.5,1,"{'subsample': 1, 'reg_lambda': 0.25, 'reg_alpha': 0, 'n_estimators': 500, 'max_depth': 7, 'learning_rate': 0.5, 'gamma': 0.5, 'colsample_bytree': 1}",0.7463768115942029,0.7342995169082126,0.7270531400966184,0.7082997582594682,0.7318840579710145,0.7295826569659034,0.012401202174961087,65
71,1.3764338970184327,0.019050970056697588,0.015003156661987305,1.2830375716279708e-06,0.6,1,0.25,100,5,0.05,0.25,0.5,"{'subsample': 0.6, 'reg_lambda': 1, 'reg_alpha': 0.25, 'n_estimators': 100, 'max_depth': 5, 'learning_rate': 0.05, 'gamma': 0.25, 'colsample_bytree': 0.5}",0.7262479871175523,0.7334943639291466,0.7278582930756844,0.7268331990330379,0.7310789049919485,0.7291025496294739,0.0027582845029928303,66
23,7.862735652923584,0.04828146530646847,0.039809036254882815,0.001167373458012015,0.5,0,0.5,200,11,0.5,0.25,0.9,"{'subsample': 0.5, 'reg_lambda': 0, 'reg_alpha': 0.5, 'n_estimators': 200, 'max_depth': 11, 'learning_rate': 0.5, 'gamma': 0.25, 'colsample_bytree': 0.9}",0.7455716586151369,0.7190016103059581,0.7270531400966184,0.7228041901692184,0.7294685990338164,0.7287798396441496,0.009129547861928553,67
16,29.921507930755617,0.4298106536991546,0.10536398887634277,0.000760251265490721,0.6,1,0.25,1000,7,1,0,1,"{'subsample': 0.6, 'reg_lambda': 1, 'reg_alpha': 0.25, 'n_estimators': 1000, 'max_depth': 7, 'learning_rate': 1, 'gamma': 0, 'colsample_bytree': 1}",0.7101449275362319,0.7238325281803543,0.7383252818035426,0.726027397260274,0.7447665056360708,0.7286193280832947,0.012048833261489682,68
25,6.259661483764648,0.16534263857234663,0.037908935546875,0.0006629950878119829,0.9,0,1,200,11,0.5,1,0.6,"{'subsample': 0.9, 'reg_lambda': 0, 'reg_alpha': 1, 'n_estimators': 200, 'max_depth': 11, 'learning_rate': 0.5, 'gamma': 1, 'colsample_bytree': 0.6}",0.7206119162640902,0.7270531400966184,0.7326892109500805,0.7203867848509267,0.7391304347826086,0.7279742973888649,0.007201574057588953,69
41,0.9629522323608398,0.004806929924084591,0.012602424621582032,0.0004894736703870656,0.6,0,0.5,100,3,0.2,0,0.6,"{'subsample': 0.6, 'reg_lambda': 0, 'reg_alpha': 0.5, 'n_estimators': 100, 'max_depth': 3, 'learning_rate': 0.2, 'gamma': 0, 'colsample_bytree': 0.6}",0.7254428341384863,0.7238325281803543,0.7294685990338164,0.7211925866236906,0.7391304347826086,0.7278133965517911,0.00626285961561335,70
68,0.8228803634643554,0.0031524490878364125,0.012600374221801759,0.0010207495617121423,0.8,0.25,0.25,10,15,0.5,1,1,"{'subsample': 0.8, 'reg_lambda': 0.25, 'reg_alpha': 0.25, 'n_estimators': 10, 'max_depth': 15, 'learning_rate': 0.5, 'gamma': 1, 'colsample_bytree': 1}",0.7222222222222222,0.7133655394524959,0.7270531400966184,0.7405318291700241,0.7198067632850241,0.724595898845277,0.009106953849656103,71
89,4.16821141242981,0.05650304492848313,0.0198030948638916,0.00040068809409440323,0.8,0.5,0.5,200,5,2,0,1,"{'subsample': 0.8, 'reg_lambda': 0.5, 'reg_alpha': 0.5, 'n_estimators': 200, 'max_depth': 5, 'learning_rate': 2, 'gamma': 0, 'colsample_bytree': 1}",0.7181964573268921,0.7238325281803543,0.7254428341384863,0.7252215954875101,0.7294685990338164,0.7244324028334119,0.003640163034705777,72
48,2.4986449241638184,0.01956153218810992,0.018402767181396485,0.0012006125270516443,0.7,0.5,1,100,7,2,1,0.7,"{'subsample': 0.7, 'reg_lambda': 0.5, 'reg_alpha': 1, 'n_estimators': 100, 'max_depth': 7, 'learning_rate': 2, 'gamma': 1, 'colsample_bytree': 0.7}",0.710950080515298,0.715780998389694,0.7334943639291466,0.7308622078968574,0.7246376811594203,0.7231450663780833,0.008623657106330835,73
35,1.5124865531921388,0.10531107103175925,0.015202045440673828,0.00039994965011007426,0.8,1,1,100,5,2,0,0.6,"{'subsample': 0.8, 'reg_lambda': 1, 'reg_alpha': 1, 'n_estimators': 100, 'max_depth': 5, 'learning_rate': 2, 'gamma': 0, 'colsample_bytree': 0.6}",0.715780998389694,0.7351046698872786,0.7190016103059581,0.7244157937147462,0.714170692431562,0.7216947529458478,0.007563953094697745,74
62,5.223065662384033,0.03004617539153256,0.028203678131103516,0.001167292838383924,0.5,0.25,1,100,15,0.5,0.5,1,"{'subsample': 0.5, 'reg_lambda': 0.25, 'reg_alpha': 1, 'n_estimators': 100, 'max_depth': 15, 'learning_rate': 0.5, 'gamma': 0.5, 'colsample_bytree': 1}",0.714170692431562,0.7181964573268921,0.7270531400966184,0.717969379532635,0.7270531400966184,0.7208885618968651,0.005232645059736057,75
58,7.174007987976074,0.07692770447124014,0.040512609481811526,0.0010947842771338423,0.8,0.5,0.5,200,15,1,0.25,0.7,"{'subsample': 0.8, 'reg_lambda': 0.5, 'reg_alpha': 0.5, 'n_estimators': 200, 'max_depth': 15, 'learning_rate': 1, 'gamma': 0.25, 'colsample_bytree': 0.7}",0.7302737520128825,0.7238325281803543,0.7190016103059581,0.7219983883964545,0.7069243156199678,0.7204061189031233,0.007686058157840281,76
66,16.910781335830688,0.1937177034773178,0.07841720581054687,0.0014971925069179669,0.6,0.5,0,500,15,2,0,0.8,"{'subsample': 0.6, 'reg_lambda': 0.5, 'reg_alpha': 0, 'n_estimators': 500, 'max_depth': 15, 'learning_rate': 2, 'gamma': 0, 'colsample_bytree': 0.8}",0.71658615136876,0.7101449275362319,0.7270531400966184,0.7050765511684126,0.7391304347826086,0.7195982409905264,0.012218014646069532,77
78,17.990377473831177,0.16584884029098743,0.07682380676269532,0.001694379295888873,0.7,1,0.5,500,15,1,0,0.9,"{'subsample': 0.7, 'reg_lambda': 1, 'reg_alpha': 0.5, 'n_estimators': 500, 'max_depth': 15, 'learning_rate': 1, 'gamma': 0, 'colsample_bytree': 0.9}",0.7294685990338164,0.7286634460547504,0.7028985507246377,0.7042707493956487,0.7238325281803543,0.7178267746778415,0.011795357458321396,78
51,1.4176035404205323,0.019500276704178143,0.016804075241088866,0.0007484181146529757,1,0.25,0.5,50,9,1,1,0.6,"{'subsample': 1, 'reg_lambda': 0.25, 'reg_alpha': 0.5, 'n_estimators': 50, 'max_depth': 9, 'learning_rate': 1, 'gamma': 1, 'colsample_bytree': 0.6}",0.7125603864734299,0.715780998389694,0.7101449275362319,0.7276390008058018,0.7198067632850241,0.7171864152980363,0.006149482200023752,79
52,16.1014301776886,0.09026000325466516,0.06947498321533203,0.0008468981710768173,0.5,0.5,1,500,9,2,0.25,0.9,"{'subsample': 0.5, 'reg_lambda': 0.5, 'reg_alpha': 1, 'n_estimators': 500, 'max_depth': 9, 'learning_rate': 2, 'gamma': 0.25, 'colsample_bytree': 0.9}",0.7190016103059581,0.7093397745571659,0.7286634460547504,0.7099113618049959,0.71658615136876,0.716700468818326,0.007052558954440702,80
44,7.1724199771881105,0.18844698650051514,0.042231416702270506,0.0007741323219770033,0.5,0,0.25,200,13,0.5,0.25,0.7,"{'subsample': 0.5, 'reg_lambda': 0, 'reg_alpha': 0.25, 'n_estimators': 200, 'max_depth': 13, 'learning_rate': 0.5, 'gamma': 0.25, 'colsample_bytree': 0.7}",0.714975845410628,0.7198067632850241,0.715780998389694,0.717969379532635,0.714170692431562,0.7165407358099086,0.002066453332614834,81
56,4.816305208206177,0.03730881937688902,0.03520722389221191,0.0009803090716600691,0.6,1,0.5,200,9,1,0.5,0.5,"{'subsample': 0.6, 'reg_lambda': 1, 'reg_alpha': 0.5, 'n_estimators': 200, 'max_depth': 9, 'learning_rate': 1, 'gamma': 0.5, 'colsample_bytree': 0.5}",0.7222222222222222,0.6988727858293076,0.7238325281803543,0.7123287671232876,0.7198067632850241,0.7154126133280392,0.009161334993971159,82
14,22.697721099853517,0.2068390034479708,0.12629942893981932,0.0024903957433211545,1,0.5,0,1000,11,1,1,0.6,"{'subsample': 1, 'reg_lambda': 0.5, 'reg_alpha': 0, 'n_estimators': 1000, 'max_depth': 11, 'learning_rate': 1, 'gamma': 1, 'colsample_bytree': 0.6}",0.7214170692431562,0.6964573268921095,0.711755233494364,0.7324738114423852,0.7085346215780999,0.7141276125300229,0.01215621584463836,83
90,2.05719256401062,0.04756981516471432,0.01900339126586914,0.0008943093296551945,0.9,0.25,0,50,11,1,0.25,0.7,"{'subsample': 0.9, 'reg_lambda': 0.25, 'reg_alpha': 0, 'n_estimators': 50, 'max_depth': 11, 'learning_rate': 1, 'gamma': 0.25, 'colsample_bytree': 0.7}",0.7246376811594203,0.7045088566827697,0.711755233494364,0.7187751813053989,0.710950080515298,0.7141254066314502,0.006932629657338588,84
8,18.327890062332152,0.3921260480357883,0.0803196907043457,0.004166673490296662,0.5,1,0,500,11,0.5,0.5,0.9,"{'subsample': 0.5, 'reg_lambda': 1, 'reg_alpha': 0, 'n_estimators': 500, 'max_depth': 11, 'learning_rate': 0.5, 'gamma': 0.5, 'colsample_bytree': 0.9}",0.7004830917874396,0.6956521739130435,0.710950080515298,0.7292506043513296,0.7294685990338164,0.7131609099201854,0.0141208333107272,85
63,1.7339657306671143,0.018852403349488157,0.01640286445617676,0.0010199638948563895,0.6,1,1,50,9,2,0.5,0.7,"{'subsample': 0.6, 'reg_lambda': 1, 'reg_alpha': 1, 'n_estimators': 50, 'max_depth': 9, 'learning_rate': 2, 'gamma': 0.5, 'colsample_bytree': 0.7}",0.6972624798711755,0.7085346215780999,0.7270531400966184,0.7203867848509267,0.711755233494364,0.712998451978237,0.010209935483994854,86
95,12.344098854064942,0.2954037005305543,0.052513647079467776,0.002194955876546959,1,0,0.5,500,7,2,0,0.9,"{'subsample': 1, 'reg_lambda': 0, 'reg_alpha': 0.5, 'n_estimators': 500, 'max_depth': 7, 'learning_rate': 2, 'gamma': 0, 'colsample_bytree': 0.9}",0.715780998389694,0.7061191626409018,0.7020933977455717,0.7155519742143432,0.7214170692431562,0.7121925204467334,0.00704462005266691,87
11,6.088319730758667,0.06119864662532245,0.039208078384399415,0.0009805627843888273,1,1,0.25,200,11,1,0,0.6,"{'subsample': 1, 'reg_lambda': 1, 'reg_alpha': 0.25, 'n_estimators': 200, 'max_depth': 11, 'learning_rate': 1, 'gamma': 0, 'colsample_bytree': 0.6}",0.6980676328502415,0.7214170692431562,0.6964573268921095,0.7228041901692184,0.714170692431562,0.7105833823172576,0.01127630380412475,88
93,3.2697927951812744,0.031261982252738366,0.02800474166870117,0.0008947892357905212,0.7,0.5,0.5,100,13,0.5,0,0.5,"{'subsample': 0.7, 'reg_lambda': 0.5, 'reg_alpha': 0.5, 'n_estimators': 100, 'max_depth': 13, 'learning_rate': 0.5, 'gamma': 0, 'colsample_bytree': 0.5}",0.7037037037037037,0.714170692431562,0.7061191626409018,0.717163577759871,0.711755233494364,0.7105824740060804,0.004996003044832413,89
77,3.8828279972076416,0.04367257973098555,0.02400383949279785,0.0010957578101233375,0.5,0,0.5,100,11,2,0,0.8,"{'subsample': 0.5, 'reg_lambda': 0, 'reg_alpha': 0.5, 'n_estimators': 100, 'max_depth': 11, 'learning_rate': 2, 'gamma': 0, 'colsample_bytree': 0.8}",0.7045088566827697,0.6884057971014492,0.710950080515298,0.7228041901692184,0.7004830917874396,0.705430403251235,0.011379610382819604,90
2,3.316788911819458,0.021699857948021168,0.028617191314697265,0.000980890768973893,0.5,1,0.25,100,15,1,0,0.5,"{'subsample': 0.5, 'reg_lambda': 1, 'reg_alpha': 0.25, 'n_estimators': 100, 'max_depth': 15, 'learning_rate': 1, 'gamma': 0, 'colsample_bytree': 0.5}",0.714170692431562,0.6972624798711755,0.7037037037037037,0.6986301369863014,0.711755233494364,0.7051044492974213,0.0068088910639555215,91
17,15.460186052322388,2.4440538855464062,0.044210052490234374,0.00719533533789284,0.8,0.5,1,1000,15,2,0.25,1,"{'subsample': 0.8, 'reg_lambda': 0.5, 'reg_alpha': 1, 'n_estimators': 1000, 'max_depth': 15, 'learning_rate': 2, 'gamma': 0.25, 'colsample_bytree': 1}",0.7270531400966184,0.7012882447665056,0.679549114331723,0.7268331990330379,0.6892109500805152,0.70478692966168,0.01935779625300888,92
42,21.372428035736085,2.892716878775622,0.06821517944335938,0.01322885128656431,0.9,0.5,0,1000,7,2,0.5,1,"{'subsample': 0.9, 'reg_lambda': 0.5, 'reg_alpha': 0, 'n_estimators': 1000, 'max_depth': 7, 'learning_rate': 2, 'gamma': 0.5, 'colsample_bytree': 1}",0.6859903381642513,0.7012882447665056,0.6900161030595813,0.7276390008058018,0.714170692431562,0.7038208758455404,0.015422942818056715,93
46,2.558264970779419,0.05360078223812569,0.02060413360595703,0.0012008751097303426,0.8,0.5,0.5,50,15,2,0.25,0.8,"{'subsample': 0.8, 'reg_lambda': 0.5, 'reg_alpha': 0.5, 'n_estimators': 50, 'max_depth': 15, 'learning_rate': 2, 'gamma': 0.25, 'colsample_bytree': 0.8}",0.7069243156199678,0.6964573268921095,0.71658615136876,0.693795326349718,0.7020933977455717,0.7031713035952254,0.008101747386137663,94
18,3.8639179706573485,0.3101918947416162,0.025389909744262695,0.0026614658189461618,1,0.5,1,100,13,1,1,0.8,"{'subsample': 1, 'reg_lambda': 0.5, 'reg_alpha': 1, 'n_estimators': 100, 'max_depth': 13, 'learning_rate': 1, 'gamma': 1, 'colsample_bytree': 0.8}",0.71658615136876,0.679549114331723,0.6714975845410628,0.7058823529411765,0.6908212560386473,0.692867291844274,0.016554157287503642,95
12,0.6938641548156739,0.01915343658052804,0.012800788879394532,0.0011662374348248902,0.9,0.5,0,10,13,1,0.25,1,"{'subsample': 0.9, 'reg_lambda': 0.5, 'reg_alpha': 0, 'n_estimators': 10, 'max_depth': 13, 'learning_rate': 1, 'gamma': 0.25, 'colsample_bytree': 1}",0.6867954911433173,0.6900161030595813,0.6932367149758454,0.6873489121676067,0.6731078904991948,0.6861010223691091,0.006886319153325168,96
20,0.1964486598968506,0.005049900808060691,0.011000633239746094,0.0006332405180811485,0.8,1,1,10,5,1,0.25,0.6,"{'subsample': 0.8, 'reg_lambda': 1, 'reg_alpha': 1, 'n_estimators': 10, 'max_depth': 5, 'learning_rate': 1, 'gamma': 0.25, 'colsample_bytree': 0.6}",0.643317230273752,0.7020933977455717,0.6513687600644122,0.6889605157131345,0.6859903381642513,0.6743460483922243,0.02284657903597051,97
61,0.40519418716430666,0.03480562800073816,0.01200246810913086,0.0006329378627851942,1,0.25,0,50,3,0.05,0,0.5,"{'subsample': 1, 'reg_lambda': 0.25, 'reg_alpha': 0, 'n_estimators': 50, 'max_depth': 3, 'learning_rate': 0.05, 'gamma': 0, 'colsample_bytree': 0.5}",0.6578099838969405,0.6529790660225443,0.6658615136876006,0.684931506849315,0.6884057971014492,0.66999757351157,0.014262951933644746,98
99,5.323526191711426,1.0663027105221015,0.018604564666748046,0.0019597569249589623,1,0.25,0,1000,15,1,0,0.8,"{'subsample': 1, 'reg_lambda': 0.25, 'reg_alpha': 0, 'n_estimators': 1000, 'max_depth': 15, 'learning_rate': 1, 'gamma': 0, 'colsample_bytree': 0.8}",0.6690821256038647,0.6723027375201288,0.6505636070853462,0.6720386784850927,0.6714975845410628,0.6670969466470991,0.008344804834155872,99
38,1.305910873413086,0.05735005970205659,0.012803077697753906,0.0004001860502113636,0.7,0,0.5,100,3,2,0.25,1,"{'subsample': 0.7, 'reg_lambda': 0, 'reg_alpha': 0.5, 'n_estimators': 100, 'max_depth': 3, 'learning_rate': 2, 'gamma': 0.25, 'colsample_bytree': 1}",0.6119162640901772,0.604669887278583,0.6392914653784219,0.5471394037066881,0.71658615136876,0.623920634364526,0.0551964021256865,100
